Pond Name,Average Parcel Age
Hospital,1951.75
Lot60,1981.5
Garner,1974.272727
DobA7,1984.87234
Owen,1971.191304
HPChurch,1982.726212
DobA8,2001.746479
Midtown,2003.967105
Elver,1987.255583
TwoFountains,1982.775
Greentree,1980.969331
MarionDunn,1945.845898
Manitou,1951.169672
MadCity,1968.5
Baxter,1989.59434
DobA22,2002.705882
DobA5,1997.757576
DobA4,2001.894737
DoorCreek,2004.709507
CommAve,1998.5